<?xml version="1.0" encoding="UTF-8"?>
<beans xmlns:xsi="http://www.w3.org/2001/XMLSchema-instance" xmlns="http://www.springframework.org/schema/beans" xmlns:jee="http://www.springframework.org/schema/jee"
	xmlns:tx="http://www.springframework.org/schema/tx" xmlns:jaxws="http://cxf.apache.org/jaxws" xmlns:util="http://www.springframework.org/schema/util"
	xmlns:http-conf="http://cxf.apache.org/transports/http/configuration"
	xsi:schemaLocation="http://www.springframework.org/schema/beans 
           http://www.springframework.org/schema/beans/spring-beans-3.0.xsd
           http://www.springframework.org/schema/jee
           http://www.springframework.org/schema/jee/spring-jee-3.0.xsd
           http://www.springframework.org/schema/tx
           http://www.springframework.org/schema/tx/spring-tx-3.0.xsd
           http://cxf.apache.org/jaxws
           http://cxf.apache.org/schemas/jaxws.xsd
           http://www.springframework.org/schema/util
           http://www.springframework.org/schema/util/spring-util-3.0.xsd
           http://cxf.apache.org/transports/http/configuration 
           http://cxf.apache.org/schemas/configuration/http-conf.xsd">
    
	<!--
		Habilitar BSAD Foundation - Core
	 -->
	<import resource="classpath*:META-INF/bsad/spring/AppContext-Core.xml" />

	<!--
		Habilitar BSAD Foundation - Integração ao WebSphere
    -->
    <import resource="classpath*:META-INF/bsad/spring/AppContext-WebSphere.xml" />
    
    <!-- Integração com o Container (Alterar para WebSphere ou Tomcat dependendo do ambiente). Alterado automaticamente ao subir para integracao continua  -->
	<import resource="classpath*:META-INF/spring/AppContext-Tomcat.xml" />

    <!--
      Habilitar BSAD Foundation - Integração ao CICS
    -->
	<!--
    <import resource="classpath*:META-INF/bsad/spring/AppContext-Resources-Cics.xml" />
    -->

    <!--
      Habilitar BSAD Foundation - Integração para envio de email
    -->
    <!--
	<import resource="classpath*:META-INF/bsad/spring/AppContext-Mail.xml" />
    -->
    <!-- Declaração do serviço /FuncionalidadeWebService. Atenção: na tag <jaxws:endpoint ... />, não definir id. -->
	<!-- 	<jaxws:endpoint implementor="#inicioWebService" address="/InicioWebService" /> -->
  

	<!--
		Lookup do DataSource padrão da aplicação.
	-->
	<!-- PARA HABILITAR O RECURSO DE ACESSO A UM BANCO DE DADOS, E NECESSARIO CRIAR UM DATASOURCE NO SERVIDOR, -->
    <!-- E ALTERAR O VALOR DO JNDI NO WEB.XML (REFERENCIAS -> LIGACOES DO WEBSPHERE) PARA O VALOR NECESSARIO. -->
	<!-- 
	<jee:jndi-lookup id="dataSource" jndi-name="jdbc/dsApplication" resource-ref="true" lookup-on-startup="true" /> 
	-->

	<!--
		Habilitar BSAD Mobile
		
		Escolha o metodo mais adequado para o projeto.
	-->
	<!-- 
	   <import resource="classpath:META-INF/bsad/spring/AppContext-Mobile-Utils.xml" />
	-->            
	<!-- SiteSwitch + ResourceSwitch -->
	<!-- 
	   <import resource="classpath:META-INF/bsad/spring/AppContext-Mobile.xml" />
	-->
	<!-- SiteSwitch -->
	<!--
	   <import resource="classpath:META-INF/bsad/spring/AppContext-MobileSite.xml" />
	-->
	<!-- ResourceSwitch -->
	<!--
	   <import resource="classpath:META-INF/bsad/spring/AppContext-MobileDevice.xml" />
	-->
	
</beans>
