<?xml version="1.0" encoding="UTF-8"?>
<beans xmlns:xsi="http://www.w3.org/2001/XMLSchema-instance" xmlns="http://www.springframework.org/schema/beans" xmlns:jee="http://www.springframework.org/schema/jee"
	xmlns:tx="http://www.springframework.org/schema/tx" xmlns:jaxws="http://cxf.apache.org/jaxws" xmlns:util="http://www.springframework.org/schema/util"
	xmlns:http-conf="http://cxf.apache.org/transports/http/configuration"
	xsi:schemaLocation="http://www.springframework.org/schema/beans 
           http://www.springframework.org/schema/beans/spring-beans-3.0.xsd
           http://www.springframework.org/schema/jee
           http://www.springframework.org/schema/jee/spring-jee-3.0.xsd
           http://www.springframework.org/schema/tx
           http://www.springframework.org/schema/tx/spring-tx-3.0.xsd
           http://cxf.apache.org/jaxws
           http://cxf.apache.org/schemas/jaxws.xsd
           http://www.springframework.org/schema/util
           http://www.springframework.org/schema/util/spring-util-3.0.xsd
           http://cxf.apache.org/transports/http/configuration 
           http://cxf.apache.org/schemas/configuration/http-conf.xsd">
           
     
	<!-- Habilitar suporte a transação do container -->
	<import resource="classpath*:META-INF/bsad/spring/AppContext-WebSphere.xml" />
	
	<!-- Habilitar BSAD Foundation - Integração ao CICS -->
	<import resource="classpath*:META-INF/bsad/spring/AppContext-Resources-Cics.xml" />
	
	<!-- Habilitar BSAD Foundation - WebServices -->
	 	<import resource="classpath*:META-INF/bsad/spring/AppContext-WebServices.xml" />

	<!-- Declaração do serviço /FuncionalidadeWebService. Atenção: na tag <jaxws:endpoint ... />, não definir id. -->
<!-- 	<jaxws:endpoint implementor="#inicioWebService" address="/InicioWebService" /> -->


	<!-- 
		Lookup do DataSource padrão da aplicação.
		PARA HABILITAR O RECURSO DE ACESSO A UM BANCO DE DADOS, E NECESSARIO CRIAR UM DATASOURCE NO SERVIDOR,
		E ALTERAR O VALOR DO JNDI NO WEB.XML (REFERENCIAS -> LIGACOES DO WEBSPHERE) PARA O VALOR NECESSARIO. -->
	
<!-- 	 <jee:jndi-lookup id="dataSource" jndi-name="jdbc/SISB-GestaodeInternacao-ora" resource-ref="true" lookup-on-startup="true" /> -->
	
<!-- 	<bean id="jtemplate" class="org.springframework.jdbc.core.namedparam.NamedParameterJdbcTemplate"> -->
<!-- 		<constructor-arg ref="dataSource"></constructor-arg> -->
<!-- 	</bean> -->
	
<!-- 	<jee:jndi-lookup id="urlIntranet" jndi-name="url/WASIntranet" lookup-on-startup="true" resource-ref="true" /> -->
	
	
<!-- 	<jaxws:client id="listaHospitaisWebService"  -->
<!-- 		address="#{urlIntranet + 'SCAM-CAEX/service/ListaHospitaisWebService'}" -->
<!-- 		serviceClass="br.com.bradseg.scam.caex.webservice.ListaHospitaisWebService" /> -->
	
<!-- 	<jaxws:client id="consultaAuditorWebService"  -->
<!-- 		address="#{urlIntranet + 'SCAM-CAEX/service/ConsultaAuditorWebService'}" -->
<!-- 		serviceClass="br.com.bradseg.scam.caex.webservice.ConsultaAuditorWebService" /> -->
	
	<!-- Configurações de envio de email via EMSG -->
<!-- 	<bean id="gerenciaMensagemPortTypeAdress" class="br.com.bradseg.sisb.GestaodeInternacao.support.LinkBuilder" factory-method="getLinkIEmsg"> -->
<!--   		<constructor-arg index="0" ref="urlIntranet" /> -->
<!--   		<constructor-arg index="1" value="EMSG-Mensagem" /> -->
<!-- 	</bean> -->
<!-- 	<jaxws:client id="gerenciaMensagemWebService"  -->
<!-- 		address="#gerenciaMensagemPortTypeAdress" -->
<!-- 		serviceClass="br.com.bradseg.emsg.mensagem.webservice.mensagem.v1.GerenciaMensagemPortType" /> -->
	<!-- FIM - Configurações de envio de email via EMSG -->
	

<!-- 	<jee:jndi-lookup id="dataSource" jndi-name="jdbc/SISB-SegundaOpiniEstipulante-ora" resource-ref="true" lookup-on-startup="true" /> -->

<!-- 	<bean id="jtemplate" class="org.springframework.jdbc.core.namedparam.NamedParameterJdbcTemplate"> -->
<!-- 		<constructor-arg ref="dataSource"></constructor-arg> -->
<!-- 	</bean> -->

<!-- 	<jee:jndi-lookup id="urlIntranet" jndi-name="url/WASIntranet" lookup-on-startup="true" resource-ref="true" /> -->
<!-- 	<jee:jndi-lookup id="urlBradescoSaude" jndi-name="url/wwwsbsaude" lookup-on-startup="true" resource-ref="true" /> -->
	
<!-- 	<jaxws:client id="ufWebService"  -->
<!-- 	   address="#{urlIntranet + 'CCEP-ConsultaCEPWebService/service/UfWebService'}" -->
<!--        serviceClass="br.com.bradseg.ccep.consultacep.presentation.consultacep.webservice.UfWebService" /> -->
            	
     <!-- CICS -->
<!-- 	<jee:jndi-lookup id="eciConnectionFactory" jndi-name="eis/SISB-SegundaOpiniEstipulante" resource-ref="true" lookup-on-startup="true" /> -->
	
		

	<http-conf:conduit name="*.http-conduit">
		<http-conf:client ReceiveTimeout="60000"/>
	</http-conf:conduit>	

</beans>