<?xml version="1.0" encoding="UTF-8"?>
<beans xmlns:xsi="http://www.w3.org/2001/XMLSchema-instance" 
	xmlns="http://www.springframework.org/schema/beans" 
	xmlns:jee="http://www.springframework.org/schema/jee"
	xmlns:tx="http://www.springframework.org/schema/tx" 
	xmlns:jaxws="http://cxf.apache.org/jaxws" 
	xmlns:util="http://www.springframework.org/schema/util"
	xmlns:amq="http://activemq.apache.org/schema/core" 
	xmlns:jms="http://www.springframework.org/schema/jms"
	xsi:schemaLocation="http://www.springframework.org/schema/beans
           http://www.springframework.org/schema/beans/spring-beans-3.0.xsd
           http://www.springframework.org/schema/jee
           http://www.springframework.org/schema/jee/spring-jee-3.0.xsd
           http://www.springframework.org/schema/tx
           http://www.springframework.org/schema/tx/spring-tx-3.0.xsd
           http://cxf.apache.org/jaxws
           http://cxf.apache.org/schemas/jaxws.xsd
           http://www.springframework.org/schema/util
           http://www.springframework.org/schema/util/spring-util-3.0.xsd
           http://activemq.apache.org/schema/core
           http://activemq.apache.org/schema/core/activemq-core.xsd
           http://www.springframework.org/schema/jms
           http://www.springframework.org/schema/jms/spring-jms-3.0.xsd">
      
      <import resource="classpath:META-INF/cxf/cxf.xml"/>
   	  <import resource="classpath:META-INF/cxf/cxf-extension-soap.xml" />
      <import resource="classpath:META-INF/cxf/cxf-servlet.xml" />
      
         <!-- Habilitar BSAD Foundation - Integração ao CICS -->
      <import resource="classpath*:META-INF/bsad/spring/AppContext-Resources-Cics.xml" />
	 <import resource="classpath*:META-INF/bsad/spring/AppContext-WebSphere.xml" />
	 <import resource="classpath*:META-INF/bsad/spring/AppContext-WebServices.xml" />

	<!-- Criação do DataSource - Oracle -->
	<bean id="dataSource" class="org.apache.tomcat.jdbc.pool.DataSource" destroy-method="close">
        <property name="driverClassName" value="oracle.jdbc.driver.OracleDriver" />
        <property name="url" value="jdbc:oracle:thin:@//10.205.106.37:1521/D018.BSEGUROS" />
        <property name="username" value="apstsisb" />
        <property name="password" value="apstsisb" />
    </bean>	

    <bean id="jtemplate" class="org.springframework.jdbc.core.namedparam.NamedParameterJdbcTemplate">
		<constructor-arg ref="dataSource"></constructor-arg>
	</bean>
	<!-- Exemplo de Lookup do ejb remoto ContaCorrente
	<jee:remote-slsb id="contaCorrenteSessionFacade" business-interface="br.com.bradseg.bucb.servicos.model.ejb.ContaCorrenteSessionFacade"
		jndi-name="iiop://d5800sd028.hml.5800bseguros.com.br:2809/cell/persistent/ejb/br/com/bradseg/bucb/servicos/model/ejb/ContaCorrenteSessionFacadeHome" cache-home="true"
		lookup-home-on-startup="false" refresh-home-on-connect-failure="true">
	</jee:remote-slsb> -->
	
	<!-- Exemplo de Webservice para consulta das informacoes do corretor 
	<jaxws:client id="corretorSucursalWebService" 
		address="http://wwws.bradescoseguros.com.br/INET-ConsultaExpressa/service/CorretorSucursalWebService"
		serviceClass="br.com.bradseg.inet.consultaexpressa.webservice.CorretorSucursalWebService" />-->
		
	<!-- Habilitar suporte a transacao do container (UserTransaction) -->
	<bean id="transactionManager" class="org.springframework.jdbc.datasource.DataSourceTransactionManager">
		<property name="dataSource" ref="dataSource" />
	</bean>
	
	
	<bean id="urlWASIntranet" class="java.net.URL">
		<constructor-arg value="http://localhost:9082/"  />
	</bean>
	
	<bean id="urlBradescoSaude" class="java.net.URL">
		<constructor-arg value="https://wwws.dsv.bradescosaude.com.br/"  />
	</bean>
	
	<bean id="urlIBusc2" class="java.net.URL">
		<constructor-arg value="http://ws-mb.dsv.bradseg.com.br:7804/"  />
	</bean>
	
	<!-- Integracao com cics -->
	<bean class="br.com.bradseg.bsad.framework.ctg.programapi.program.CTGProgramProvider"/>
	
	<!-- CICS -->
	<bean id="ctgJavaGateway" class="br.com.bradseg.bsad.framework.ctg.programapi.support.gateway.CTGJavaGateway" scope="prototype" >
		<property name="defaultConnectionFactory" ref="eciConnectionFactory" />
	</bean>
	<bean id="eciManagedConnectionFactory" class="com.ibm.connector2.cics.ECIManagedConnectionFactory">
		<property name="ConnectionURL" value="tcp://172.16.26.35" />
		<property name="ServerName" value="BS2CICDS" />
	</bean>	
	
	<bean id="eciConnectionFactory" factory-bean="eciManagedConnectionFactory" factory-method="createConnectionFactory" class="javax.resource.cci.ConnectionFactory" />
	
	<!-- Integracao com cics -->
	<bean id="ctgProgramProvider" class="br.com.bradseg.bsad.framework.ctg.programapi.program.CTGProgramProvider"/>

    <jaxws:client id="SegundaOpiniaoWebService" 
    address="http://wsphttp.dsv.bradseg.com.br/SISB-Servicos/service/SegundaOpiniaoWebService"
    serviceClass="br.com.bradseg.sisb.servicos.segundaopiniao.webservice.SegundaOpiniaoWebService" />
    
    <jaxws:client id="RecebimentoDocumentoWebService" 
    address="http://wsphttp.dsv.bradseg.com.br/SISB-Servicos/service/RecebimentoDocumentoWebService"
    serviceClass="br.com.bradseg.sisb.servicos.recebimentodocumento.webservice.RecebimentoDocumentoWebService" />
	
	<!-- Configurações de envio de email via EMSG -->
<!-- 	<bean id="gerenciaMensagemPortTypeAdress" class="br.com.bradseg.sisb.segundaopiniestipulante.support.LinkBuilder" factory-method="getLinkIEmsg" scope="singleton"> -->
<!--   		<constructor-arg index="0" ref="urlIntranet" /> -->
<!--   		<constructor-arg index="1" value="EMSG-Mensagem" /> -->
<!-- 	</bean> -->
<!-- 	<jaxws:client id="gerenciaMensagemWebService"  -->
<!-- 		address="http://ws-mb.dsv.bradseg.com.br:7804/EMSG-Mensagem" -->
<!-- 		serviceClass="br.com.bradseg.emsg.mensagem.webservice.mensagem.v1.GerenciaMensagemPortType" /> -->

<!--    	<bean id="gerenciaMensagemPortTypeAddress" class="br.com.bradseg.emsg.mensagem.webservice.mensagem.v1.GerenciaMensagem"> -->
  		
<!-- 	</bean> -->
	
	<bean id="emsgMensagemWebServiceAddress" class="java.net.URL">
		<constructor-arg value="#{urlIBusc2 + 'EMSG-Mensagem?wsdl'}"  />
	</bean>
	
<!-- 		<jaxws:client id="gerenciaMensagemWebService"  -->
<!-- 		address="http://ws-mb.dsv.bradseg.com.br:7804/EMSG-Mensagem" -->
<!-- 		serviceClass="br.com.bradseg.emsg.mensagem.webservice.mensagem.v1.GerenciaMensagemPortType" /> -->
	
<!-- 	<jaxws:client id="gerenciaMensagemWebService" address="#gerenciaMensagemPortTypeAdress" -->
<!-- 		serviceClass="br.com.bradseg.emsg.mensagem.webservice.mensagem.v1.GerenciaMensagemPortType" /> -->

<!--   <bean id="gerenciaMensagemWebService" class="java.lang.String"> -->
<!--       <constructor-arg type="java.lang.String" value="#{urlIBusc2 + 'EMSG-Mensagem'}"/> -->
<!--   </bean> -->
<!--   <jaxws:client id="gerenciaMensagemPortTypeAddress" serviceClass="br.com.bradseg.emsg.mensagem.webservice.mensagem.v1.GerenciaMensagemPortType" -->
<!--       address="#gerenciaMensagemWebService" /> -->

	<!-- Configurações de envio de email via EMSG -->
	
	
<!-- 	<bean id="gerenciaMensagemPortTypeAdress" class="java.lang.String"> -->
<!--   		<constructor-arg type="java.lang.String" value="#{urlIBusc2 + 'EMSG-Mensagem'}" /> -->
<!-- 	</bean> -->
	
<!-- 	<jaxws:client id="gerenciaMensagemWebService" address="#gerenciaMensagemPortTypeAdress" -->
<!-- 		serviceClass="br.com.bradseg.emsg.mensagem.webservice.GerenciaMensagemPortType" /> -->

	<!-- FIM - Configurações de envio de email via EMSG -->

	<bean id="contextSource"
	class="org.springframework.ldap.core.support.LdapContextSource">
	<property name="url" value="ldap://172.16.90.52:389" />
	<property name="userDn" value="CN=Users,DC=hqdemo1dom,DC=filenet,DC=com" />
	<property name="password" value="filenet" />
	</bean>

	<bean id="ldapTemplate" class="org.springframework.ldap.core.LdapTemplate">
		<constructor-arg ref="contextSource" />
	</bean>

	 <bean id="ldapDao"
		class="br.com.bradseg.bsad.framework.security.ldap.manager.dao.LdapDaoImpl">
		<constructor-arg name="ldapTemplate" ref="ldapTemplate" />
	</bean>	
	
	<tx:annotation-driven />

</beans>