<?xml version="1.0" encoding="UTF-8"?>
<beans xmlns:xsi="http://www.w3.org/2001/XMLSchema-instance" xmlns="http://www.springframework.org/schema/beans" xmlns:jee="http://www.springframework.org/schema/jee" xmlns:tx="http://www.springframework.org/schema/tx" xmlns:jaxws="http://cxf.apache.org/jaxws"
	xmlns:jms="http://www.springframework.org/schema/jms" xmlns:http-conf="http://cxf.apache.org/transports/http/configuration"
	xsi:schemaLocation="http://www.springframework.org/schema/beans
           http://www.springframework.org/schema/beans/spring-beans-3.0.xsd
           http://www.springframework.org/schema/jee
           http://www.springframework.org/schema/jee/spring-jee-3.0.xsd
           http://www.springframework.org/schema/tx
           http://www.springframework.org/schema/tx/spring-tx-3.0.xsd
           http://cxf.apache.org/jaxws
           http://cxf.apache.org/schemas/jaxws.xsd
           http://www.springframework.org/schema/jms  
           http://www.springframework.org/schema/jms/spring-jms-3.0.xsd
           http://cxf.apache.org/transports/http/configuration
           http://cxf.apache.org/schemas/configuration/http-conf.xsd">


	<!-- Loads Spring Task Scheduler related configurations -->
	<import resource="spring-scheduler.xml" />

	<!-- Habilitar BSAD Foundation - Core -->
	<import resource="classpath*:META-INF/bsad/spring/AppContext-Core.xml" />

	<!-- Habilitar BSAD Foundation - Integração ao WebSphere -->
	<import resource="classpath*:META-INF/bsad/spring/AppContext-WebSphere.xml" />

	<!-- Habilitar BSAD Foundation - Integração ao CICS -->

	<import resource="classpath*:META-INF/bsad/spring/AppContext-Resources-Cics.xml" />


	<!-- Habilitar BSAD Foundation - Integração para envio de email -->
	<!-- <import resource="classpath*:META-INF/bsad/spring/AppContext-Mail.xml" /> -->

	<!-- Habilitar BSAD Foundation - WebServices -->
	<import resource="classpath*:META-INF/bsad/spring/AppContext-WebServices.xml" />

	<!-- Declaração do serviço /FuncionalidadeWebService Atenção: na tag <jaxws:endpoint ... />, não definir id. -->
	<jaxws:endpoint implementor="#consultaGuiaAnexoWebService" address="/ConsultaGuiaAnexoWebService" />
	<jaxws:endpoint implementor="#atualizaDadosAnexosWebService" address="/AtualizaDadosAnexosWebService" />
	<!-- <jaxws:endpoint implementor="#cargaTabelaMedicamentoWebService" address="/CargaTabelaMedicamentoWebService" /> -->
	<jaxws:endpoint implementor="#consultaSolicitacaoEstipulanteWebService" address="/ConsultaSolicitacaoEstipulanteWebService" />
	<jaxws:endpoint implementor="#buscaGuiasEmitidasSeguradoWebService" address="/BuscaGuiasEmitidasSeguradoWebService" />
	<jaxws:endpoint implementor="#cancelamentoSenhaWebService" address="/CancelamentoSenhaWebService" />
	<jaxws:endpoint implementor="#notificacaoSenhaWebService" address="/NotificacaoSenhaWebService" />
	<jaxws:endpoint implementor="#recebimentoDocumentoWebService" address="/RecebimentoDocumentoWebService" />
	<jaxws:endpoint implementor="#novaGestaoInternacaoWebService" address="/NovaGestaoInternacaoWebService" />
	<jaxws:endpoint implementor="#protocoloANSWebService" address="/ProtocoloANSWebService" />
	<jaxws:endpoint implementor="#consultaCIDWebService" address="/ConsultaCIDWebService" />
	<jaxws:endpoint implementor="#cadastroGuiaMedicamentoOncologicoWebService" address="/CadastroGuiaMedicamentoOncologicoWebService" />
	<jaxws:endpoint implementor="#cancelarGuiaMedicamentoOncologicoWebService" address="/CancelarGuiaMedicamentoOncologicoWebService" />
	<jaxws:endpoint implementor="#solicitacaoAtendimentoWebService" address="/SolicitacaoAtendimentoWebService" />
	<jaxws:endpoint implementor="#coberturaCarenciaWebService" address="/CoberturaCarenciaWebService" />
	<jaxws:endpoint implementor="#segundaOpiniaoWebService" address="/SegundaOpiniaoWebService" />
	<jaxws:endpoint implementor="#consultaSeguradoWebService" address="/ConsultaSeguradoWebService" />
	<jaxws:endpoint implementor="#auditoriaExecucaoProcessoOnlineWebService" address="/AuditoriaExecucaoProcessoOnlineWebService" />
	<jaxws:endpoint implementor="#consultaDadosApoliceWebService" address="/ConsultaDadosApoliceWebService" />
	<jaxws:endpoint implementor="#especialidadeMedicaWebService" address="/EspecialidadeMedicaWebService" />
	<jaxws:endpoint implementor="#statusSolicitacaoWebService" address="/StatusSolicitacaoWebService" />
	<jaxws:endpoint implementor="#anotacaoWebService" address="/AnotacaoWebService" />


	<!-- Declaração do serviço Client do SIAI --> 
	<jee:jndi-lookup id="WASIntranet" jndi-name="WASIntranetRef" lookup-on-startup="true" resource-ref="true" />  

	  <bean id="webServiceAddress" class="java.lang.String" >
		  <constructor-arg type="java.lang.String" value="#{WASIntranet + 'SIAI-ImagemAnaliseInternacao/service/IntegracaoWebService'}" />
	  </bean>
	  <jaxws:client id="siaiProxy" serviceClass="br.com.bradseg.siai.imagemanaliseinternacao.commom.webservice.IntegracaoWebService" address="#webServiceAddress" /> 


	<http-conf:conduit name="*.http-conduit">
		<http-conf:client ReceiveTimeout="60000" /><!-- Timeout dos serviços configurado para 1 minuto -->
	</http-conf:conduit>

	<!-- Lookup do DataSource padrão da aplicação. -->
	<!-- PARA HABILITAR O RECURSO DE ACESSO A UM BANCO DE DADOS, E NECESSARIO CRIAR UM DATASOURCE NO SERVIDOR, -->
	<!-- E ALTERAR O VALOR DO JNDI NO WEB.XML (REFERENCIAS -> LIGACOES DO WEBSPHERE) PARA O VALOR NECESSARIO. -->
	<!-- <jee:jndi-lookup id="dataSource" jndi-name="jdbc/dsApplication" resource-ref="true" lookup-on-startup="true" /> -->
	<jee:jndi-lookup id="dataSourceORA" jndi-name="jdbc/dsApplicationOraRef" resource-ref="true" lookup-on-startup="true" />

	<bean id="cancelamentoDAOOracle" class="br.com.bradseg.sisb.servicos.cancelamentoapolice.dao.oracle.CancelamentoApoliceOracleDAOImpl" />

	<!-- Fila de Senhas -->
	
<!-- 	<jee:jndi-lookup id="connectionFactoryDadosSenhas" jndi-name="FilaSenhaCFRef" resource-ref="true" /> -->
<!-- 	<jee:jndi-lookup id="filaDadosSenhasSCAM" jndi-name="FilaSenhaFLSCAMRef" resource-ref="true" /> -->
	<!-- 
	Ao descomentar, reconfigurar no web.xml o ResourceRef
	FilaSenhaFLSSCFRef
	javax.jms.Queue
	Container
	Shareable
	jms/FL.SISB.SERVICOS.CANCSSCF.REQ
	 <jee:jndi-lookup id="filaDadosSenhasSSCF" jndi-name="FilaSenhaFLSSCFRef" resource-ref="true" />
	-->
	
<!-- 	<jee:jndi-lookup id="filaDadosSenhasORZN" jndi-name="FilaSenhaFLORZNRef" resource-ref="true" /> -->
	 
	<bean id="dadosSenhaMessageConverter" class="br.com.bradseg.sisb.servicos.filasenhas.util.DadosSenhaMessageConverter" />
	
<!-- 	<bean id="filaSenhasSCAM" class="org.springframework.jms.core.JmsTemplate" autowire="byName" scope="singleton"> -->
<!-- 		<property name="connectionFactory" ref="connectionFactoryDadosSenhas" /> -->
<!-- 		<property name="defaultDestination" ref="filaDadosSenhasSCAM" /> -->
<!-- 		<property name="messageConverter" ref="dadosSenhaMessageConverter"></property> -->
<!-- 	</bean> -->

	<!--
	<bean id="filaSenhasSSCF" class="org.springframework.jms.core.JmsTemplate" autowire="byName" scope="singleton">
		<property name="connectionFactory" ref="connectionFactoryDadosSenhas" />
		<property name="defaultDestination" ref="filaDadosSenhasSSCF" />
		<property name="messageConverter" ref="dadosSenhaMessageConverter"></property>
	</bean>
	-->
	
<!-- 	<bean id="filaSenhasORZN" class="org.springframework.jms.core.JmsTemplate" autowire="byName" scope="singleton"> -->
<!-- 		<property name="connectionFactory" ref="connectionFactoryDadosSenhas" /> -->
<!-- 		<property name="defaultDestination" ref="filaDadosSenhasORZN" /> -->
<!-- 		<property name="messageConverter" ref="dadosSenhaMessageConverter"></property> -->
<!-- 	</bean> -->
	
<!-- 
	<bean id="wasSIBJMSResourceAdapter" class="org.springframework.jca.support.ResourceAdapterFactoryBean">
		<property name="resourceAdapter">
			<bean class="com.ibm.ws.sib.api.jmsra.impl.JmsJcaResourceAdapterImpl" />
		</property>
		<property name="workManager">
			<bean class="org.springframework.jca.work.SimpleTaskWorkManager">
				<property name="asyncTaskExecutor" ref="wasDefaultWorkManager" />
			</bean>
		</property>
	</bean>

	<bean id="wasDefaultWorkManager" class="org.springframework.scheduling.commonj.WorkManagerTaskExecutor">
		<property name="workManagerName" value="wm/default" />
	</bean>

	<bean class="org.springframework.jms.listener.endpoint.JmsMessageEndpointManager">
		<property name="resourceAdapter" ref="wasSIBJMSResourceAdapter" />
		<property name="activationSpec">
			<bean class="com.ibm.ws.sib.api.jmsra.impl.JmsJcaActivationSpecImpl">
				<property name="destination" ref="filaDadosSenhas" />
				<property name="destinationType" value="javax.jms.Queue" />
				<property name="busName" value="SISB-Servicos-BUS" />
			</bean>
		</property>
		<property name="messageListener" ref="processaMensagemMessageListener" />
	</bean>

	<bean id="processaMensagemMessageListener" class="br.com.bradseg.sisb.servicos.filasenhas.util.DadosSenhaMessageListener">
	</bean>
 -->


	<!-- Fila de Senhas -->

	<!-- Habilitar BSAD Mobile Escolha o metodo mais adequado para o projeto. -->
	<!-- <import resource="classpath:META-INF/bsad/spring/AppContext-Mobile-Utils.xml" /> -->
	<!-- SiteSwitch + ResourceSwitch -->
	<!-- <import resource="classpath:META-INF/bsad/spring/AppContext-Mobile.xml" /> -->
	<!-- SiteSwitch -->
	<!-- <import resource="classpath:META-INF/bsad/spring/AppContext-MobileSite.xml" /> -->
	<!-- ResourceSwitch -->
	<!-- <import resource="classpath:META-INF/bsad/spring/AppContext-MobileDevice.xml" /> -->



</beans>
